tool_family,channel,channel_name,unit,progress_bin,progress_center,n,physical_mae,physical_signed_error
all,0,shoulder_pan,rad_delta,0,0.05,32,0.05257873399059464,0.004737118613775241
all,0,shoulder_pan,rad_delta,1,0.15,1,0.028149290382862097,0.028149290382862097
all,0,shoulder_pan,rad_delta,2,0.25,16,0.03285044073709287,0.005329828680260106
all,0,shoulder_pan,rad_delta,3,0.35,5,0.03413110084831715,-3.639377653599091e-05
all,0,shoulder_pan,rad_delta,4,0.45,12,0.0332235501255127,0.01614178753316083
all,0,shoulder_pan,rad_delta,5,0.55,15,0.03990469786416119,-0.008410728577679645
all,0,shoulder_pan,rad_delta,6,0.65,6,0.028402614158888662,0.010298057831823833
all,0,shoulder_pan,rad_delta,7,0.75,9,0.045429088828839476,-0.01571122977927896
all,0,shoulder_pan,rad_delta,9,0.95,32,0.032458866437536926,-0.020312139005454814
all,1,shoulder_lift,rad_delta,0,0.05,32,0.034899482550099496,0.006294179684482514
all,1,shoulder_lift,rad_delta,1,0.15,1,0.002171491086482999,-0.002171491086482999
all,1,shoulder_lift,rad_delta,2,0.25,16,0.035485393740964356,0.020026055683410957
all,1,shoulder_lift,rad_delta,3,0.35,5,0.02008180290460586,-0.001716002523899085
all,1,shoulder_lift,rad_delta,4,0.45,12,0.016988733216809732,0.006457931804470718
all,1,shoulder_lift,rad_delta,5,0.55,15,0.012322085738802951,0.007887539537623525
all,1,shoulder_lift,rad_delta,6,0.65,6,0.008135647326707846,0.008135647326707846
all,1,shoulder_lift,rad_delta,7,0.75,9,0.03576605936719312,0.0013624118847979441
all,1,shoulder_lift,rad_delta,9,0.95,32,0.015030912728980184,0.005524908960796894
all,2,upperarm_roll,rad_delta,0,0.05,32,0.04873607769259252,0.03259486761526205
all,2,upperarm_roll,rad_delta,1,0.15,1,0.016241067647933954,-0.016241067647933954
all,2,upperarm_roll,rad_delta,2,0.25,16,0.050586440751794734,0.004311991238500925
all,2,upperarm_roll,rad_delta,3,0.35,5,0.004977978765964508,-0.0017912200093269325
all,2,upperarm_roll,rad_delta,4,0.45,12,0.0569516108565343,0.00853611620841548
all,2,upperarm_roll,rad_delta,5,0.55,15,0.019267397591223326,-0.001444217817236986
all,2,upperarm_roll,rad_delta,6,0.65,6,0.007271751016378403,-0.007271751016378403
all,2,upperarm_roll,rad_delta,7,0.75,9,0.047375182312033665,-0.0008830772001399716
all,2,upperarm_roll,rad_delta,9,0.95,32,0.02214964255399536,-0.0006569110919372166
all,3,elbow_flex,rad_delta,0,0.05,32,0.023436458030482755,0.010981708677718416
all,3,elbow_flex,rad_delta,1,0.15,1,0.030371921509504324,-0.030371921509504324
all,3,elbow_flex,rad_delta,2,0.25,16,0.007515518739819526,-0.0022005792707204823
all,3,elbow_flex,rad_delta,3,0.35,5,0.011736682951450347,0.009627707898616791
all,3,elbow_flex,rad_delta,4,0.45,12,0.015823918115347627,-0.002925696006665627
all,3,elbow_flex,rad_delta,5,0.55,15,0.012964021873970822,-0.004783385184903939
all,3,elbow_flex,rad_delta,6,0.65,6,0.003951645890871679,0.0009308109680811588
all,3,elbow_flex,rad_delta,7,0.75,9,0.015602957444934876,0.003976735972699117
all,3,elbow_flex,rad_delta,9,0.95,32,0.0208385587814746,0.005755730899977608
all,4,forearm_roll,rad_delta,0,0.05,32,0.012863369844853877,-0.006282470910809936
all,4,forearm_roll,rad_delta,1,0.15,1,0.008172649145126332,0.008172649145126332
all,4,forearm_roll,rad_delta,2,0.25,16,0.018938149686437106,-0.004263259202707556
all,4,forearm_roll,rad_delta,3,0.35,5,0.01151626780629159,-0.01151626780629159
all,4,forearm_roll,rad_delta,4,0.45,12,0.039424332145911956,-0.00440141604437182
all,4,forearm_roll,rad_delta,5,0.55,15,0.019877055011068786,-0.001445002583786848
all,4,forearm_roll,rad_delta,6,0.65,6,0.014067069068551057,-0.014067069068551057
all,4,forearm_roll,rad_delta,7,0.75,9,0.024247977286318525,0.005321875114976944
all,4,forearm_roll,rad_delta,9,0.95,32,0.026049949439766355,-0.004053768418089021
all,5,wrist_flex,rad_delta,0,0.05,32,0.03117433541920036,0.016007144725881516
all,5,wrist_flex,rad_delta,1,0.15,1,0.013326194882392894,-0.013326194882392894
all,5,wrist_flex,rad_delta,2,0.25,16,0.0060322798090055585,-0.002931223367340856
all,5,wrist_flex,rad_delta,3,0.35,5,0.009569952487945555,-0.009569952487945555
all,5,wrist_flex,rad_delta,4,0.45,12,0.010097652037317559,-0.0019315882120281476
all,5,wrist_flex,rad_delta,5,0.55,15,0.012523786822954814,-0.009626518885294593
all,5,wrist_flex,rad_delta,6,0.65,6,0.00619529609878858,-0.00433537488182386
all,5,wrist_flex,rad_delta,7,0.75,9,0.010514876272322402,-0.0031488294661459
all,5,wrist_flex,rad_delta,9,0.95,32,0.016442264286160933,0.00839591481053503
all,6,wrist_roll,rad_delta,0,0.05,32,0.04418494943383849,0.029857135085330812
all,6,wrist_roll,rad_delta,1,0.15,1,0.007227078825235378,0.007227078825235378
all,6,wrist_roll,rad_delta,2,0.25,16,0.030062379039009098,0.017746317110140807
all,6,wrist_roll,rad_delta,3,0.35,5,0.01965170916169882,-0.007616366185247897
all,6,wrist_roll,rad_delta,4,0.45,12,0.04623735407367349,-0.01880476453031103
all,6,wrist_roll,rad_delta,5,0.55,15,0.03150239618805548,0.001954319318756459
all,6,wrist_roll,rad_delta,6,0.65,6,0.031756152693803115,0.0017637305427342677
all,6,wrist_roll,rad_delta,7,0.75,9,0.031893530813977125,0.019672595590559974
all,6,wrist_roll,rad_delta,9,0.95,32,0.03154827005691914,0.004602350475579442
all,7,gripper,m_joint_target,0,0.05,32,0.012478027133474824,-0.003186165496153989
all,7,gripper,m_joint_target,1,0.15,1,0.003187659680843353,-0.003187659680843353
all,7,gripper,m_joint_target,2,0.25,16,0.00742561728868168,-0.001111595647525973
all,7,gripper,m_joint_target,3,0.35,5,0.009634606570936741,0.009634606570936741
all,7,gripper,m_joint_target,4,0.45,12,0.003286994956433772,-0.001991359330713748
all,7,gripper,m_joint_target,5,0.55,15,0.0029688272005878383,0.0007248366051353531
all,7,gripper,m_joint_target,6,0.65,6,0.004276426122523845,0.0017734733084216713
all,7,gripper,m_joint_target,7,0.75,9,0.0009592592716217028,-0.0006625003616015105
all,7,gripper,m_joint_target,9,0.95,32,0.0019650338130304586,-0.00039633114764001207
all,8,head_pan,rad_delta,0,0.05,32,0.0,0.0
all,8,head_pan,rad_delta,1,0.15,1,0.0,0.0
all,8,head_pan,rad_delta,2,0.25,16,0.0,0.0
all,8,head_pan,rad_delta,3,0.35,5,0.0,0.0
all,8,head_pan,rad_delta,4,0.45,12,0.0,0.0
all,8,head_pan,rad_delta,5,0.55,15,0.0,0.0
all,8,head_pan,rad_delta,6,0.65,6,0.0,0.0
all,8,head_pan,rad_delta,7,0.75,9,0.0,0.0
all,8,head_pan,rad_delta,9,0.95,32,0.0,0.0
all,9,head_tilt,rad_delta,0,0.05,32,0.0,0.0
all,9,head_tilt,rad_delta,1,0.15,1,0.0,0.0
all,9,head_tilt,rad_delta,2,0.25,16,0.0,0.0
all,9,head_tilt,rad_delta,3,0.35,5,0.0,0.0
all,9,head_tilt,rad_delta,4,0.45,12,0.0,0.0
all,9,head_tilt,rad_delta,5,0.55,15,0.0,0.0
all,9,head_tilt,rad_delta,6,0.65,6,0.0,0.0
all,9,head_tilt,rad_delta,7,0.75,9,0.0,0.0
all,9,head_tilt,rad_delta,9,0.95,32,0.0,0.0
all,10,torso_lift,m_delta,0,0.05,32,0.04403937522056367,0.00715874088691635
all,10,torso_lift,m_delta,1,0.15,1,0.007973007485270502,-0.007973007485270502
all,10,torso_lift,m_delta,2,0.25,16,0.03778366665465001,0.018835129448052615
all,10,torso_lift,m_delta,3,0.35,5,0.07507665060460568,-0.07507665060460568
all,10,torso_lift,m_delta,4,0.45,12,0.0354678384057479,0.027081827729125495
all,10,torso_lift,m_delta,5,0.55,15,0.03138248467197022,-0.002504351151486241
all,10,torso_lift,m_delta,6,0.65,6,0.03365855938754976,-0.032866290475552284
all,10,torso_lift,m_delta,7,0.75,9,0.06174730064166297,0.00914070790038547
all,10,torso_lift,m_delta,9,0.95,32,0.032952180065149154,0.001255714164108213
all,11,base_forward,m_per_s,0,0.05,32,0.35763749990655924,-0.0651240574552503
all,11,base_forward,m_per_s,1,0.15,1,0.19617516174912453,0.19617516174912453
all,11,base_forward,m_per_s,2,0.25,16,0.2900613727251766,0.1167113052069908
all,11,base_forward,m_per_s,3,0.35,5,0.3557945770677179,-0.3171000795904547
all,11,base_forward,m_per_s,4,0.45,12,0.22575671807377753,0.05831892213609535
all,11,base_forward,m_per_s,5,0.55,15,0.15569689443024495,0.12285908341097335
all,11,base_forward,m_per_s,6,0.65,6,0.2271972857415676,0.05641718084613482
all,11,base_forward,m_per_s,7,0.75,9,0.21673387821970713,0.08317527356040147
all,11,base_forward,m_per_s,9,0.95,32,0.15142157148488877,-0.03725761307555331
all,12,base_yaw,rad_per_s,0,0.05,32,1.084079953649253,0.6286472929000768
all,12,base_yaw,rad_per_s,1,0.15,1,0.02002465186174962,-0.02002465186174962
all,12,base_yaw,rad_per_s,2,0.25,16,0.46434645215880666,0.19039216696908634
all,12,base_yaw,rad_per_s,3,0.35,5,0.2785102383615448,-0.06426012345869092
all,12,base_yaw,rad_per_s,4,0.45,12,0.40325497409224526,-0.2576657491560763
all,12,base_yaw,rad_per_s,5,0.55,15,0.343310732336482,-0.0568589115818808
all,12,base_yaw,rad_per_s,6,0.65,6,0.31546635371574666,-0.03862453563391077
all,12,base_yaw,rad_per_s,7,0.75,9,0.48363777462664687,0.28567896991903474
all,12,base_yaw,rad_per_s,9,0.95,32,0.26650723228538026,-0.08314254834621802
grasp,0,shoulder_pan,rad_delta,0,0.05,11,0.04195706295696172,-0.0010242396796291521
grasp,0,shoulder_pan,rad_delta,2,0.25,1,0.05954488962888718,0.05954488962888718
grasp,0,shoulder_pan,rad_delta,3,0.35,5,0.03413110084831715,-3.639377653599091e-05
grasp,0,shoulder_pan,rad_delta,5,0.55,6,0.03579063652432524,-0.03579063652432524
grasp,0,shoulder_pan,rad_delta,6,0.65,5,0.02137061126530171,-0.0003548563271760882
grasp,0,shoulder_pan,rad_delta,9,0.95,11,0.029768532834185124,-0.02139949779745869
grasp,1,shoulder_lift,rad_delta,0,0.05,11,0.0291647849435156,-0.00834855410185727
grasp,1,shoulder_lift,rad_delta,2,0.25,1,0.0072701588273048345,0.0072701588273048345
grasp,1,shoulder_lift,rad_delta,3,0.35,5,0.02008180290460586,-0.001716002523899085
grasp,1,shoulder_lift,rad_delta,5,0.55,6,0.005917006234327958,0.005430248379707338
grasp,1,shoulder_lift,rad_delta,6,0.65,5,0.0027529928088188215,0.0027529928088188215
grasp,1,shoulder_lift,rad_delta,9,0.95,11,0.005246072397990659,0.004767412963238632
grasp,2,upperarm_roll,rad_delta,0,0.05,11,0.03182395561174914,0.017470493099906226
grasp,2,upperarm_roll,rad_delta,2,0.25,1,0.15298643410205842,0.15298643410205842
grasp,2,upperarm_roll,rad_delta,3,0.35,5,0.004977978765964508,-0.0017912200093269325
grasp,2,upperarm_roll,rad_delta,5,0.55,6,0.015041263401508331,-0.0007105340560277368
grasp,2,upperarm_roll,rad_delta,6,0.65,5,0.008593344092369079,-0.008593344092369079
grasp,2,upperarm_roll,rad_delta,9,0.95,11,0.008381645652380854,-0.00652931806716052
grasp,3,elbow_flex,rad_delta,0,0.05,11,0.058194182525304235,0.03260757206854495
grasp,3,elbow_flex,rad_delta,2,0.25,1,0.010297711193561543,-0.010297711193561543
grasp,3,elbow_flex,rad_delta,3,0.35,5,0.011736682951450347,0.009627707898616791
grasp,3,elbow_flex,rad_delta,5,0.55,6,0.004275771478811895,-0.003515249490737916
grasp,3,elbow_flex,rad_delta,6,0.65,5,0.003239414393901818,-0.00038558751344680564
grasp,3,elbow_flex,rad_delta,9,0.95,11,0.004544671150771051,-0.0031344518065452563
grasp,4,forearm_roll,rad_delta,0,0.05,11,0.01773978532715277,-0.01637134775519371
grasp,4,forearm_roll,rad_delta,2,0.25,1,0.007270844280719779,-0.007270844280719779
grasp,4,forearm_roll,rad_delta,3,0.35,5,0.01151626780629159,-0.01151626780629159
grasp,4,forearm_roll,rad_delta,5,0.55,6,0.007068619380394619,-0.006882390131553014
grasp,4,forearm_roll,rad_delta,6,0.65,5,0.007162772715091697,-0.007162772715091697
grasp,4,forearm_roll,rad_delta,9,0.95,11,0.006819740750572905,-0.006424181840636519
grasp,5,wrist_flex,rad_delta,0,0.05,11,0.08063763982870363,0.050320649756626645
grasp,5,wrist_flex,rad_delta,2,0.25,1,2.155900001526989e-05,2.155900001526989e-05
grasp,5,wrist_flex,rad_delta,3,0.35,5,0.009569952487945555,-0.009569952487945555
grasp,5,wrist_flex,rad_delta,5,0.55,6,0.00746780037879943,-0.0073612670103708824
grasp,5,wrist_flex,rad_delta,6,0.65,5,0.006318402588367464,-0.006318402588367464
grasp,5,wrist_flex,rad_delta,9,0.95,11,0.006122373044490815,-0.006122373044490815
grasp,6,wrist_roll,rad_delta,0,0.05,11,0.03789737404070117,0.020930050855333157
grasp,6,wrist_roll,rad_delta,2,0.25,1,0.008414782490581273,0.008414782490581273
grasp,6,wrist_roll,rad_delta,3,0.35,5,0.01965170916169882,-0.007616366185247897
grasp,6,wrist_roll,rad_delta,5,0.55,6,0.031660210768071316,0.021244368989331023
grasp,6,wrist_roll,rad_delta,6,0.65,5,0.03564360281452537,-0.00034730376675724817
grasp,6,wrist_roll,rad_delta,9,0.95,11,0.03915273033198901,0.006951063210462135
grasp,7,gripper,m_joint_target,0,0.05,11,0.025515067244625902,-0.011664269907738672
grasp,7,gripper,m_joint_target,2,0.25,1,0.05766758590936662,-0.05766758590936662
grasp,7,gripper,m_joint_target,3,0.35,5,0.009634606570936741,0.009634606570936741
grasp,7,gripper,m_joint_target,5,0.55,6,0.0031006202101707472,-0.0008449965715408328
grasp,7,gripper,m_joint_target,6,0.65,5,0.004951390458270909,0.002308488858863711
grasp,7,gripper,m_joint_target,9,0.95,11,0.0027065175653181294,-0.0009708084690977226
grasp,8,head_pan,rad_delta,0,0.05,11,0.0,0.0
grasp,8,head_pan,rad_delta,2,0.25,1,0.0,0.0
grasp,8,head_pan,rad_delta,3,0.35,5,0.0,0.0
grasp,8,head_pan,rad_delta,5,0.55,6,0.0,0.0
grasp,8,head_pan,rad_delta,6,0.65,5,0.0,0.0
grasp,8,head_pan,rad_delta,9,0.95,11,0.0,0.0
grasp,9,head_tilt,rad_delta,0,0.05,11,0.0,0.0
grasp,9,head_tilt,rad_delta,2,0.25,1,0.0,0.0
grasp,9,head_tilt,rad_delta,3,0.35,5,0.0,0.0
grasp,9,head_tilt,rad_delta,5,0.55,6,0.0,0.0
grasp,9,head_tilt,rad_delta,6,0.65,5,0.0,0.0
grasp,9,head_tilt,rad_delta,9,0.95,11,0.0,0.0
grasp,10,torso_lift,m_delta,0,0.05,11,0.08587702169633386,0.024307549145834693
grasp,10,torso_lift,m_delta,2,0.25,1,0.05726898424327373,0.05726898424327373
grasp,10,torso_lift,m_delta,3,0.35,5,0.07507665060460568,-0.07507665060460568
grasp,10,torso_lift,m_delta,5,0.55,6,0.042513676562036085,0.01961064483039081
grasp,10,torso_lift,m_delta,6,0.65,5,0.03991490991786123,-0.03991490991786123
grasp,10,torso_lift,m_delta,9,0.95,11,0.03495898036370901,0.0037499391854825355
grasp,11,base_forward,m_per_s,0,0.05,11,0.5690846609861844,-0.4723624804755673
grasp,11,base_forward,m_per_s,2,0.25,1,0.5197629539761692,0.5197629539761692
grasp,11,base_forward,m_per_s,3,0.35,5,0.3557945770677179,-0.3171000795904547
grasp,11,base_forward,m_per_s,5,0.55,6,0.30180540510142845,0.30180540510142845
grasp,11,base_forward,m_per_s,6,0.65,5,0.20985986441373825,0.13047749549150467
grasp,11,base_forward,m_per_s,9,0.95,11,0.2112881665181538,0.04311238988090984
grasp,12,base_yaw,rad_per_s,0,0.05,11,0.5195087871137498,0.026891707560809528
grasp,12,base_yaw,rad_per_s,2,0.25,1,0.34255695248954,0.34255695248954
grasp,12,base_yaw,rad_per_s,3,0.35,5,0.2785102383615448,-0.06426012345869092
grasp,12,base_yaw,rad_per_s,5,0.55,6,0.3560457083101694,0.02488980393235879
grasp,12,base_yaw,rad_per_s,6,0.65,5,0.2124545336097945,-0.2124545336097945
grasp,12,base_yaw,rad_per_s,9,0.95,11,0.3054771637715616,-0.2643756821338981
move,0,shoulder_pan,rad_delta,0,0.05,10,0.035368552114814523,-0.027631003465503456
move,0,shoulder_pan,rad_delta,1,0.15,1,0.028149290382862097,0.028149290382862097
move,0,shoulder_pan,rad_delta,2,0.25,8,0.015799439884722235,0.00541161224246025
move,0,shoulder_pan,rad_delta,4,0.45,5,0.029140529278665776,0.0068421336449682735
move,0,shoulder_pan,rad_delta,5,0.55,5,0.018946700785309082,0.00899289282038808
move,0,shoulder_pan,rad_delta,7,0.75,3,0.0214457870819994,0.0214457870819994
move,0,shoulder_pan,rad_delta,9,0.95,10,0.009685403764306105,0.0062427243732963685
move,1,shoulder_lift,rad_delta,0,0.05,10,0.004403224289417268,0.004131403565406799
move,1,shoulder_lift,rad_delta,1,0.15,1,0.002171491086482999,-0.002171491086482999
move,1,shoulder_lift,rad_delta,2,0.25,8,0.006577213853597639,0.006196231767535209
move,1,shoulder_lift,rad_delta,4,0.45,5,0.004362840950489044,0.0008821132779121444
move,1,shoulder_lift,rad_delta,5,0.55,5,0.0019494807720184305,0.0014222460985183704
move,1,shoulder_lift,rad_delta,7,0.75,3,0.004562006890773772,0.004562006890773772
move,1,shoulder_lift,rad_delta,9,0.95,10,0.005104416012763975,0.004921666085720063
move,2,upperarm_roll,rad_delta,0,0.05,10,0.008494702316820627,-0.00766452763229609
move,2,upperarm_roll,rad_delta,1,0.15,1,0.016241067647933954,-0.016241067647933954
move,2,upperarm_roll,rad_delta,2,0.25,8,0.03075700078625232,-0.026634359476156527
move,2,upperarm_roll,rad_delta,4,0.45,5,0.033851713398471484,-0.011258815070614223
move,2,upperarm_roll,rad_delta,5,0.55,5,0.0175176689401269,-0.009758065976202494
move,2,upperarm_roll,rad_delta,7,0.75,3,0.06249713187183564,-0.03414493777866785
move,2,upperarm_roll,rad_delta,9,0.95,10,0.023117575952783225,-0.00257504826877266
move,3,elbow_flex,rad_delta,0,0.05,10,0.0065387438237667055,-0.005074766427278514
move,3,elbow_flex,rad_delta,1,0.15,1,0.030371921509504324,-0.030371921509504324
move,3,elbow_flex,rad_delta,2,0.25,8,0.008882528357207778,-0.007975239865481851
move,3,elbow_flex,rad_delta,4,0.45,5,0.022499536946415905,-0.022499536946415905
move,3,elbow_flex,rad_delta,5,0.55,5,0.03189546022564173,-0.011766886673867702
move,3,elbow_flex,rad_delta,7,0.75,3,0.034859367919610425,-1.9296497096847148e-05
move,3,elbow_flex,rad_delta,9,0.95,10,0.007136264187065533,0.0005058638555783576
move,4,forearm_roll,rad_delta,0,0.05,10,0.008483870029449465,-0.008113455772399903
move,4,forearm_roll,rad_delta,1,0.15,1,0.008172649145126332,0.008172649145126332
move,4,forearm_roll,rad_delta,2,0.25,8,0.004928431380540131,-0.004535310063511135
move,4,forearm_roll,rad_delta,4,0.45,5,0.041759317200630905,-0.0045014488883316495
move,4,forearm_roll,rad_delta,5,0.55,5,0.0356523961480707,-0.011572565222159038
move,4,forearm_roll,rad_delta,7,0.75,3,0.03292241861345247,-0.0071114381658844705
move,4,forearm_roll,rad_delta,9,0.95,10,0.024379804758355023,0.0034456648956984275
move,5,wrist_flex,rad_delta,0,0.05,10,0.007548495382070539,-0.007407069057226182
move,5,wrist_flex,rad_delta,1,0.15,1,0.013326194882392894,-0.013326194882392894
move,5,wrist_flex,rad_delta,2,0.25,8,0.008963503176346414,-0.008963503176346414
move,5,wrist_flex,rad_delta,4,0.45,5,0.014646713696420205,-0.014223462902009492
move,5,wrist_flex,rad_delta,5,0.55,5,0.024328018128871916,-0.024328018128871916
move,5,wrist_flex,rad_delta,7,0.75,3,0.02433565316411357,-0.016655464051291344
move,5,wrist_flex,rad_delta,9,0.95,10,0.024880234827287497,0.02080836568493396
move,6,wrist_roll,rad_delta,0,0.05,10,0.04033370744902641,0.019436163720674814
move,6,wrist_roll,rad_delta,1,0.15,1,0.007227078825235378,0.007227078825235378
move,6,wrist_roll,rad_delta,2,0.25,8,0.03171686641871929,0.021661129035055637
move,6,wrist_roll,rad_delta,4,0.45,5,0.02086032666265965,0.006353433951735493
move,6,wrist_roll,rad_delta,5,0.55,5,0.028832066655159007,0.008052584156394007
move,6,wrist_roll,rad_delta,7,0.75,3,0.01833140283512572,-0.01833140283512572
move,6,wrist_roll,rad_delta,9,0.95,10,0.02856584650697187,0.02536810129182413
move,7,gripper,m_joint_target,0,0.05,10,0.011292691266629845,0.0031298890993930405
move,7,gripper,m_joint_target,1,0.15,1,0.003187659680843353,-0.003187659680843353
move,7,gripper,m_joint_target,2,0.25,8,0.0071141255123075104,0.005513917770003901
move,7,gripper,m_joint_target,4,0.45,5,0.006126019120216371,-0.0030164936184883125
move,7,gripper,m_joint_target,5,0.55,5,0.0045023280163295565,0.0037906802217476075
move,7,gripper,m_joint_target,7,0.75,3,0.0018574537336826325,-0.0010240466892719269
move,7,gripper,m_joint_target,9,0.95,10,0.002520646512508392,0.00037396520376205435
move,8,head_pan,rad_delta,0,0.05,10,0.0,0.0
move,8,head_pan,rad_delta,1,0.15,1,0.0,0.0
move,8,head_pan,rad_delta,2,0.25,8,0.0,0.0
move,8,head_pan,rad_delta,4,0.45,5,0.0,0.0
move,8,head_pan,rad_delta,5,0.55,5,0.0,0.0
move,8,head_pan,rad_delta,7,0.75,3,0.0,0.0
move,8,head_pan,rad_delta,9,0.95,10,0.0,0.0
move,9,head_tilt,rad_delta,0,0.05,10,0.0,0.0
move,9,head_tilt,rad_delta,1,0.15,1,0.0,0.0
move,9,head_tilt,rad_delta,2,0.25,8,0.0,0.0
move,9,head_tilt,rad_delta,4,0.45,5,0.0,0.0
move,9,head_tilt,rad_delta,5,0.55,5,0.0,0.0
move,9,head_tilt,rad_delta,7,0.75,3,0.0,0.0
move,9,head_tilt,rad_delta,9,0.95,10,0.0,0.0
move,10,torso_lift,m_delta,0,0.05,10,0.03517390878812876,0.007281312588020228
move,10,torso_lift,m_delta,1,0.15,1,0.007973007485270502,-0.007973007485270502
move,10,torso_lift,m_delta,2,0.25,8,0.025158224582992262,-0.008920853447489208
move,10,torso_lift,m_delta,4,0.45,5,0.030944194577168675,0.015286181948613378
move,10,torso_lift,m_delta,5,0.55,5,0.024880215916782623,-0.012795001026242975
move,10,torso_lift,m_delta,7,0.75,3,0.03757035352367286,0.008354655703684934
move,10,torso_lift,m_delta,9,0.95,10,0.01740642827411648,-0.005331397262052635
move,11,base_forward,m_per_s,0,0.05,10,0.3333050260785967,0.261869024625048
move,11,base_forward,m_per_s,1,0.15,1,0.19617516174912453,0.19617516174912453
move,11,base_forward,m_per_s,2,0.25,8,0.24222318088868633,0.014680032327305526
move,11,base_forward,m_per_s,4,0.45,5,0.1345350732910447,-0.01191157588036731
move,11,base_forward,m_per_s,5,0.55,5,0.0880615156609565,0.023273445619270205
move,11,base_forward,m_per_s,7,0.75,3,0.03146108596896132,-0.024293973576277494
move,11,base_forward,m_per_s,9,0.95,10,0.08298142488274607,-0.027533986337220994
move,12,base_yaw,rad_per_s,0,0.05,10,0.23081007327157024,0.11671131163119393
move,12,base_yaw,rad_per_s,1,0.15,1,0.02002465186174962,-0.02002465186174962
move,12,base_yaw,rad_per_s,2,0.25,8,0.16559626661710364,0.034938126486340634
move,12,base_yaw,rad_per_s,4,0.45,5,0.08464444931346218,-0.05701478009932901
move,12,base_yaw,rad_per_s,5,0.55,5,0.16252049464150328,0.031205061167245706
move,12,base_yaw,rad_per_s,7,0.75,3,0.1430349742842373,-0.019500867665822968
move,12,base_yaw,rad_per_s,9,0.95,10,0.11280025338081763,0.09926578726831949
reach,0,shoulder_pan,rad_delta,0,0.05,11,0.07884602491130037,0.039924042433796623
reach,0,shoulder_pan,rad_delta,2,0.25,7,0.04852380615526013,-0.0025086469549153545
reach,0,shoulder_pan,rad_delta,4,0.45,7,0.03613999358754622,0.022784397453298362
reach,0,shoulder_pan,rad_delta,5,0.55,4,0.07227328622248025,0.010904606594704089
reach,0,shoulder_pan,rad_delta,6,0.65,1,0.06356262862682344,0.06356262862682344
reach,0,shoulder_pan,rad_delta,7,0.75,6,0.0574207397022595,-0.034289738209918146
reach,0,shoulder_pan,rad_delta,9,0.95,11,0.05585234792564404,-0.04336556510322474
reach,1,shoulder_lift,rad_delta,0,0.05,11,0.06835805130275814,0.022903073579072952
reach,1,shoulder_lift,rad_delta,2,0.25,7,0.07255406145704911,0.037653839709569835
reach,1,shoulder_lift,rad_delta,4,0.45,7,0.02600722769275308,0.01044065932344113
reach,1,shoulder_lift,rad_delta,5,0.55,4,0.03489546120399609,0.019655093073379246
reach,1,shoulder_lift,rad_delta,6,0.65,1,0.03504891991615297,0.03504891991615297
reach,1,shoulder_lift,rad_delta,7,0.75,6,0.05136808560540279,-0.00023738561818997111
reach,1,shoulder_lift,rad_delta,9,0.95,11,0.03383984098380263,0.006830807572061366
reach,2,upperarm_roll,rad_delta,0,0.05,11,0.10223126829686491,0.0843186923556707
reach,2,upperarm_roll,rad_delta,2,0.25,7,0.058620087376662675,0.01844004307474409
reach,2,upperarm_roll,rad_delta,4,0.45,7,0.07345153761229344,0.02267535283629384
reach,2,upperarm_roll,rad_delta,5,0.55,4,0.02779375968966634,0.007847566739656024
reach,2,upperarm_roll,rad_delta,6,0.65,1,0.0006637856364250204,-0.0006637856364250204
reach,2,upperarm_roll,rad_delta,7,0.75,6,0.03981420753213267,0.015747853089123968
reach,2,upperarm_roll,rad_delta,9,0.95,11,0.035037700002166355,0.006959256953136494
reach,3,elbow_flex,rad_delta,0,0.05,11,0.0040402919054031376,0.0039526408368890905
reach,3,elbow_flex,rad_delta,2,0.25,7,0.005555765969412664,0.005555765969412664
reach,3,elbow_flex,rad_delta,4,0.45,7,0.011055618950298857,0.011055618950298857
reach,3,elbow_flex,rad_delta,5,0.55,4,0.0023320995271205805,0.0020437881350517315
reach,3,elbow_flex,rad_delta,6,0.65,1,0.0075128033757209806,0.0075128033757209806
reach,3,elbow_flex,rad_delta,7,0.75,6,0.005974752207597099,0.005974752207597099
reach,3,elbow_flex,rad_delta,9,0.95,11,0.04958907786164095,0.019418520010499787
reach,4,forearm_roll,rad_delta,0,0.05,11,0.011968317831104452,0.005470937625928355
reach,4,forearm_roll,rad_delta,2,0.25,7,0.0366160142368504,-0.00352268892207315
reach,4,forearm_roll,rad_delta,4,0.45,7,0.037756485678255555,-0.004329964012971941
reach,4,forearm_roll,rad_delta,5,0.55,4,0.01937053203582764,0.01937053203582764
reach,4,forearm_roll,rad_delta,6,0.65,1,0.048588550835847864,-0.048588550835847864
reach,4,forearm_roll,rad_delta,7,0.75,6,0.019910756622751557,0.011538531755407649
reach,4,forearm_roll,rad_delta,9,0.95,11,0.04679847147569738,-0.00850102164443921
reach,5,wrist_flex,rad_delta,0,0.05,11,0.0031890674070878446,0.0029792885888706546
reach,5,wrist_flex,rad_delta,2,0.25,7,0.0035409846476146217,0.0035409846476146217
reach,5,wrist_flex,rad_delta,4,0.45,7,0.006848322280815671,0.006848322280815671
reach,5,wrist_flex,rad_delta,5,0.55,4,0.005352477356791497,0.005352477356791497
reach,5,wrist_flex,rad_delta,6,0.65,1,0.0055797636508941595,0.0055797636508941595
reach,5,wrist_flex,rad_delta,7,0.75,6,0.0036044878264268215,0.0036044878264268215
reach,5,wrist_flex,rad_delta,9,0.95,11,0.019091273217716,0.011630156416107306
reach,6,wrist_roll,rad_delta,0,0.05,11,0.053973653904077684,0.048257829646833915
reach,6,wrist_roll,rad_delta,2,0.25,7,0.031264050111972856,0.014605322713032364
reach,6,wrist_roll,rad_delta,4,0.45,7,0.06436380222439766,-0.036774906303201405
reach,6,wrist_roll,rad_delta,5,0.55,4,0.03460358623415233,-0.03460358623415233
reach,6,wrist_roll,rad_delta,6,0.65,1,0.012318902090191847,0.012318902090191847
reach,6,wrist_roll,rad_delta,7,0.75,6,0.03867459480340282,0.03867459480340282
reach,6,wrist_roll,rad_delta,9,0.95,11,0.02665510391816497,-0.016624317546798426
reach,7,gripper,m_joint_target,0,0.05,11,0.0005185650830919083,-0.0004499288987029653
reach,7,gripper,m_joint_target,2,0.25,7,0.0006041838015828796,-0.0006041838015828796
reach,7,gripper,m_joint_target,4,0.45,7,0.0012591205537319159,-0.0012591205537319159
reach,7,gripper,m_joint_target,5,0.55,4,0.0008542616665363281,-0.000752718150615686
reach,7,gripper,m_joint_target,6,0.65,1,0.0009016044437885271,-0.0009016044437885271
reach,7,gripper,m_joint_target,7,0.75,6,0.0005101620405912379,-0.00048172719776630224
reach,7,gripper,m_joint_target,9,0.95,11,0.0007184476066719389,-0.0005221232365478167
reach,8,head_pan,rad_delta,0,0.05,11,0.0,0.0
reach,8,head_pan,rad_delta,2,0.25,7,0.0,0.0
reach,8,head_pan,rad_delta,4,0.45,7,0.0,0.0
reach,8,head_pan,rad_delta,5,0.55,4,0.0,0.0
reach,8,head_pan,rad_delta,6,0.65,1,0.0,0.0
reach,8,head_pan,rad_delta,7,0.75,6,0.0,0.0
reach,8,head_pan,rad_delta,9,0.95,11,0.0,0.0
reach,9,head_tilt,rad_delta,0,0.05,11,0.0,0.0
reach,9,head_tilt,rad_delta,2,0.25,7,0.0,0.0
reach,9,head_tilt,rad_delta,4,0.45,7,0.0,0.0
reach,9,head_tilt,rad_delta,5,0.55,4,0.0,0.0
reach,9,head_tilt,rad_delta,6,0.65,1,0.0,0.0
reach,9,head_tilt,rad_delta,7,0.75,6,0.0,0.0
reach,9,head_tilt,rad_delta,9,0.95,11,0.0,0.0
reach,10,torso_lift,m_delta,0,0.05,11,0.01026124368337068,-0.010101496191187337
reach,10,torso_lift,m_delta,2,0.25,7,0.04942912650959831,0.04506570207221169
reach,10,torso_lift,m_delta,4,0.45,7,0.03869901256901879,0.035507289000919866
reach,10,torso_lift,m_delta,5,0.55,4,0.022813532780855905,-0.022813532780855905
reach,10,torso_lift,m_delta,6,0.65,1,0.002376806735992429,0.002376806735992429
reach,10,torso_lift,m_delta,7,0.75,6,0.07383577420065801,0.009533733998735737
reach,10,torso_lift,m_delta,9,0.95,11,0.04507788139480082,0.004749772257425574
reach,11,base_forward,m_per_s,0,0.05,11,0.1683107695796273,0.04484792731025002
reach,11,base_forward,m_per_s,2,0.25,7,0.31191908035959515,0.17573966724531992
reach,11,base_forward,m_per_s,4,0.45,7,0.2909150357757296,0.10848356357642583
reach,11,base_forward,m_per_s,5,0.55,4,0.021078351885080338,-0.021078351885080338
reach,11,base_forward,m_per_s,6,0.65,1,0.3138843923807144,-0.3138843923807144
reach,11,base_forward,m_per_s,7,0.75,6,0.3093702743450801,0.13690989712874094
reach,11,base_forward,m_per_s,9,0.95,11,0.15377329154448074,-0.12646727670322766
reach,12,base_yaw,rad_per_s,0,0.05,11,2.4243510114371953,1.6957992248474199
reach,12,base_yaw,rad_per_s,2,0.25,7,0.8231737355877912,0.34631610101787375
reach,12,base_yaw,rad_per_s,4,0.45,7,0.6308339203628046,-0.4009878699108958
reach,12,base_yaw,rad_per_s,5,0.55,4,0.5501960654946745,-0.28956195078964825
reach,12,base_yaw,rad_per_s,6,0.65,1,0.8305254542455078,0.8305254542455078
reach,12,base_yaw,rad_per_s,7,0.75,6,0.6539391747978517,0.43826888871146363
reach,12,base_yaw,rad_per_s,9,0.95,11,0.3672709179851649,-0.06773517420811742
