plan_position,plan_uid,asset_plan_index,scene,first_pick_object,source_furniture_type,case_status,navigation_steps,pick_steps,official_termination_reason,automatic_mechanism,reproducible_failure,repeat_pick_steps,repeat_termination_reason,repeat_mechanism,gpu1_process_seconds
0,tidy_house-sequential-val-0-0,0,v3_sc3_staging_14.scene_instance.json,002_master_chef_can-0,frl_apartment_table_02,navigation_failed,499,,,,,,,,57.34526777267456
1,tidy_house-sequential-val-1-0,1,v3_sc3_staging_20.scene_instance.json,008_pudding_box-0,frl_apartment_sofa,completed,78,200,pick_horizon_exhausted,grasped_but_incomplete,False,167,strict_success,strict_success,64.46818054839969
2,tidy_house-sequential-val-10-0,10,v3_sc3_staging_06.scene_instance.json,010_potted_meat_can-0,frl_apartment_table_01,navigation_already_satisfied_at_reset,0,,,,,,,,22.33592803031206
3,tidy_house-sequential-val-100-0,100,v3_sc3_staging_10.scene_instance.json,009_gelatin_box-0,kitchen_counter,completed,19,51,strict_success,strict_success,,,,,34.72320667281747
4,tidy_house-sequential-val-101-0,101,v3_sc3_staging_04.scene_instance.json,024_bowl-0,kitchen_counter,completed,64,27,strict_success,strict_success,,,,,35.476529240608215
5,tidy_house-sequential-val-102-0,102,v3_sc3_staging_04.scene_instance.json,005_tomato_soup_can-0,frl_apartment_table_02,completed,62,19,strict_success,strict_success,,,,,34.57473083212972
6,tidy_house-sequential-val-103-0,103,v3_sc3_staging_13.scene_instance.json,024_bowl-0,frl_apartment_chair_01,completed,89,45,strict_success,strict_success,,,,,38.13328370824456
7,tidy_house-sequential-val-104-0,104,v3_sc3_staging_17.scene_instance.json,008_pudding_box-0,kitchen_counter,completed,25,35,strict_success,strict_success,,,,,32.86689852178097
8,tidy_house-sequential-val-105-0,105,v3_sc3_staging_12.scene_instance.json,024_bowl-0,frl_apartment_chair_01,completed,109,37,strict_success,strict_success,,,,,41.1446806229651
9,tidy_house-sequential-val-106-0,106,v3_sc3_staging_15.scene_instance.json,008_pudding_box-0,frl_apartment_table_01,completed,151,200,pick_horizon_exhausted,grasp_failure,True,200,pick_horizon_exhausted,grasp_failure,78.8141288049519
10,tidy_house-sequential-val-107-0,107,v3_sc3_staging_02.scene_instance.json,003_cracker_box-0,frl_apartment_chair_01,completed,156,30,strict_success,strict_success,,,,,41.797298938035965
11,tidy_house-sequential-val-108-0,108,v3_sc3_staging_08.scene_instance.json,004_sugar_box-0,kitchen_counter,completed,30,56,strict_success,strict_success,,,,,35.87781686335802
12,tidy_house-sequential-val-109-0,109,v3_sc3_staging_12.scene_instance.json,010_potted_meat_can-0,frl_apartment_table_01,completed,83,30,cumulative_force_limit,base_obstacle_collision,False,48,strict_success,strict_success,43.552544213831425
13,tidy_house-sequential-val-11-0,11,v3_sc3_staging_11.scene_instance.json,003_cracker_box-0,frl_apartment_chair_01,completed,118,30,strict_success,strict_success,,,,,38.536993745714426
14,tidy_house-sequential-val-110-0,110,v3_sc3_staging_00.scene_instance.json,024_bowl-0,frl_apartment_table_01,completed,156,25,cumulative_force_limit,grasp_failure,False,24,cumulative_force_limit,grasp_failure,46.25540701672435
15,tidy_house-sequential-val-111-0,111,v3_sc3_staging_07.scene_instance.json,005_tomato_soup_can-0,kitchen_counter,completed,20,43,strict_success,strict_success,,,,,33.11603597179055
16,tidy_house-sequential-val-112-0,112,v3_sc3_staging_10.scene_instance.json,007_tuna_fish_can-0,frl_apartment_table_01,completed,117,29,strict_success,strict_success,,,,,38.88443868979812
17,tidy_house-sequential-val-113-0,113,v3_sc3_staging_00.scene_instance.json,002_master_chef_can-0,kitchen_counter,completed,19,39,strict_success,strict_success,,,,,33.42037779837847
18,tidy_house-sequential-val-114-0,114,v3_sc3_staging_11.scene_instance.json,002_master_chef_can-0,kitchen_counter,completed,20,40,strict_success,strict_success,,,,,33.36910778656602
19,tidy_house-sequential-val-115-0,115,v3_sc3_staging_19.scene_instance.json,004_sugar_box-0,frl_apartment_chair_01,completed,22,200,pick_horizon_exhausted,grasped_but_incomplete,False,50,strict_success,strict_success,53.03149499371648
20,tidy_house-sequential-val-116-0,116,v3_sc3_staging_14.scene_instance.json,009_gelatin_box-0,frl_apartment_tvstand,completed,62,13,cumulative_force_limit,base_obstacle_collision,True,13,cumulative_force_limit,base_obstacle_collision,38.1338038854301
21,tidy_house-sequential-val-117-0,117,v3_sc3_staging_07.scene_instance.json,024_bowl-0,kitchen_counter,completed,28,39,strict_success,strict_success,,,,,33.32111758366227
22,tidy_house-sequential-val-118-0,118,v3_sc3_staging_05.scene_instance.json,007_tuna_fish_can-0,frl_apartment_table_01,completed,38,36,strict_success,strict_success,,,,,34.22346852347255
23,tidy_house-sequential-val-119-0,119,v3_sc3_staging_18.scene_instance.json,002_master_chef_can-0,frl_apartment_chair_01,completed,90,14,cumulative_force_limit,base_obstacle_collision,True,14,cumulative_force_limit,base_obstacle_collision,41.09532267972827
24,tidy_house-sequential-val-12-0,12,v3_sc3_staging_15.scene_instance.json,024_bowl-0,kitchen_counter,completed,21,26,strict_success,strict_success,,,,,32.71925278007984
25,tidy_house-sequential-val-120-0,120,v3_sc3_staging_00.scene_instance.json,004_sugar_box-0,frl_apartment_sofa,completed,145,12,cumulative_force_limit,base_obstacle_collision,True,12,cumulative_force_limit,base_obstacle_collision,44.20220746845007
26,tidy_house-sequential-val-121-0,121,v3_sc3_staging_02.scene_instance.json,004_sugar_box-0,frl_apartment_sofa,completed,142,14,cumulative_force_limit,base_obstacle_collision,True,14,cumulative_force_limit,base_obstacle_collision,46.561944238841534
27,tidy_house-sequential-val-122-0,122,v3_sc3_staging_02.scene_instance.json,002_master_chef_can-0,frl_apartment_sofa,completed,129,38,strict_success,strict_success,,,,,40.19187635183334
28,tidy_house-sequential-val-123-0,123,v3_sc3_staging_20.scene_instance.json,008_pudding_box-0,frl_apartment_sofa,completed,70,121,strict_success,strict_success,,,,,42.95131076127291
29,tidy_house-sequential-val-124-0,124,v3_sc3_staging_06.scene_instance.json,010_potted_meat_can-0,frl_apartment_sofa,completed,187,39,strict_success,strict_success,,,,,44.00411904603243
30,tidy_house-sequential-val-125-0,125,v3_sc3_staging_20.scene_instance.json,004_sugar_box-0,frl_apartment_table_02,completed,84,18,strict_success,strict_success,,,,,36.07921775057912
31,tidy_house-sequential-val-126-0,126,v3_sc3_staging_06.scene_instance.json,003_cracker_box-0,frl_apartment_tvstand,completed,57,71,cumulative_force_limit,arm_or_body_environment_collision,False,74,cumulative_force_limit,arm_or_body_environment_collision,46.46338278800249
32,tidy_house-sequential-val-127-0,127,v3_sc3_staging_09.scene_instance.json,007_tuna_fish_can-0,kitchen_counter,completed,16,50,strict_success,strict_success,,,,,33.420958917587996
33,tidy_house-sequential-val-128-0,128,v3_sc3_staging_17.scene_instance.json,024_bowl-0,frl_apartment_chair_01,completed,166,41,strict_success,strict_success,,,,,43.15150383859873
34,tidy_house-sequential-val-129-0,129,v3_sc3_staging_17.scene_instance.json,005_tomato_soup_can-0,kitchen_counter,completed,17,23,cumulative_force_limit,grasp_failure,True,23,cumulative_force_limit,grasp_failure,38.03456323966384
35,tidy_house-sequential-val-13-0,13,v3_sc3_staging_09.scene_instance.json,007_tuna_fish_can-0,kitchen_counter,completed,30,23,strict_success,strict_success,,,,,32.41640728712082
36,tidy_house-sequential-val-130-0,130,v3_sc3_staging_10.scene_instance.json,010_potted_meat_can-0,frl_apartment_chair_01,completed,71,35,strict_success,strict_success,,,,,36.32898649200797
37,tidy_house-sequential-val-131-0,131,v3_sc3_staging_07.scene_instance.json,003_cracker_box-0,frl_apartment_chair_01,completed,96,200,pick_horizon_exhausted,not_reached,True,200,pick_horizon_exhausted,not_reached,66.12514166906476
38,tidy_house-sequential-val-132-0,132,v3_sc3_staging_16.scene_instance.json,002_master_chef_can-0,kitchen_counter,completed,18,28,strict_success,strict_success,,,,,32.01467175036669
39,tidy_house-sequential-val-133-0,133,v3_sc3_staging_01.scene_instance.json,009_gelatin_box-0,frl_apartment_chair_01,completed,178,12,cumulative_force_limit,base_obstacle_collision,False,39,strict_success,strict_success,49.77321679890156
40,tidy_house-sequential-val-134-0,134,v3_sc3_staging_02.scene_instance.json,005_tomato_soup_can-0,frl_apartment_sofa,completed,134,42,strict_success,strict_success,,,,,41.24551858752966
41,tidy_house-sequential-val-135-0,135,v3_sc3_staging_16.scene_instance.json,004_sugar_box-0,frl_apartment_chair_01,navigation_failed,499,,,,,,,,59.04858871921897
42,tidy_house-sequential-val-136-0,136,v3_sc3_staging_16.scene_instance.json,004_sugar_box-0,frl_apartment_sofa,completed,77,200,pick_horizon_exhausted,not_reached,True,200,pick_horizon_exhausted,not_reached,67.3764389231801
43,tidy_house-sequential-val-137-0,137,v3_sc3_staging_17.scene_instance.json,007_tuna_fish_can-0,frl_apartment_table_02,completed,37,25,strict_success,strict_success,,,,,33.21891499310732
44,tidy_house-sequential-val-138-0,138,v3_sc3_staging_16.scene_instance.json,008_pudding_box-0,frl_apartment_chair_01,completed,450,71,strict_success,strict_success,,,,,71.7917403690517
45,tidy_house-sequential-val-139-0,139,v3_sc3_staging_20.scene_instance.json,009_gelatin_box-0,kitchen_counter,completed,18,49,strict_success,strict_success,,,,,33.71934558451176
46,tidy_house-sequential-val-14-0,14,v3_sc3_staging_11.scene_instance.json,007_tuna_fish_can-0,frl_apartment_chair_01,completed,195,41,strict_success,strict_success,,,,,45.05033181235194
47,tidy_house-sequential-val-140-0,140,v3_sc3_staging_09.scene_instance.json,005_tomato_soup_can-0,frl_apartment_sofa,completed,164,64,strict_success,strict_success,,,,,44.75350155681372
48,tidy_house-sequential-val-141-0,141,v3_sc3_staging_20.scene_instance.json,004_sugar_box-0,kitchen_counter,completed,19,43,strict_success,strict_success,,,,,33.670695550739765
49,tidy_house-sequential-val-142-0,142,v3_sc3_staging_15.scene_instance.json,004_sugar_box-0,frl_apartment_table_02,completed,42,27,strict_success,strict_success,,,,,34.0689158141613
50,tidy_house-sequential-val-143-0,143,v3_sc3_staging_15.scene_instance.json,004_sugar_box-0,frl_apartment_chair_01,navigation_failed,499,,,,,,,,58.04458685964346
51,tidy_house-sequential-val-144-0,144,v3_sc3_staging_10.scene_instance.json,003_cracker_box-0,frl_apartment_chair_01,completed,81,200,pick_horizon_exhausted,not_reached,True,200,pick_horizon_exhausted,not_reached,66.72120776027441
52,tidy_house-sequential-val-145-0,145,v3_sc3_staging_02.scene_instance.json,024_bowl-0,kitchen_counter,completed,20,41,strict_success,strict_success,,,,,33.26985753700137
53,tidy_house-sequential-val-146-0,146,v3_sc3_staging_07.scene_instance.json,005_tomato_soup_can-0,frl_apartment_table_01,completed,35,23,strict_success,strict_success,,,,,32.91935461387038
54,tidy_house-sequential-val-147-0,147,v3_sc3_staging_00.scene_instance.json,024_bowl-0,frl_apartment_sofa,completed,124,39,strict_success,strict_success,,,,,40.14233544841409
55,tidy_house-sequential-val-148-0,148,v3_sc3_staging_19.scene_instance.json,008_pudding_box-0,frl_apartment_chair_01,completed,22,13,cumulative_force_limit,base_obstacle_collision,True,13,cumulative_force_limit,base_obstacle_collision,35.82485130056739
56,tidy_house-sequential-val-149-0,149,v3_sc3_staging_04.scene_instance.json,004_sugar_box-0,frl_apartment_chair_01,completed,162,32,strict_success,strict_success,,,,,42.447770565748215
57,tidy_house-sequential-val-15-0,15,v3_sc3_staging_03.scene_instance.json,005_tomato_soup_can-0,frl_apartment_tvstand,completed,68,200,pick_horizon_exhausted,approached_without_contact_timeout,True,200,pick_horizon_exhausted,approached_without_contact_timeout,65.8178955540061
58,tidy_house-sequential-val-150-0,150,v3_sc3_staging_05.scene_instance.json,010_potted_meat_can-0,kitchen_counter,completed,24,200,pick_horizon_exhausted,grasp_failure,True,200,pick_horizon_exhausted,grasp_failure,63.31492933258414
59,tidy_house-sequential-val-151-0,151,v3_sc3_staging_10.scene_instance.json,003_cracker_box-0,frl_apartment_chair_01,completed,155,200,pick_horizon_exhausted,base_obstacle_collision,True,200,pick_horizon_exhausted,base_obstacle_collision,69.68532489612699
60,tidy_house-sequential-val-152-0,152,v3_sc3_staging_11.scene_instance.json,005_tomato_soup_can-0,frl_apartment_chair_01,completed,186,35,strict_success,strict_success,,,,,43.801637444645166
61,tidy_house-sequential-val-153-0,153,v3_sc3_staging_07.scene_instance.json,003_cracker_box-0,frl_apartment_chair_01,completed,113,200,pick_horizon_exhausted,not_reached,True,200,pick_horizon_exhausted,not_reached,67.52302499115467
62,tidy_house-sequential-val-154-0,154,v3_sc3_staging_12.scene_instance.json,003_cracker_box-0,kitchen_counter,completed,17,42,strict_success,strict_success,,,,,33.01774874702096
63,tidy_house-sequential-val-155-0,155,v3_sc3_staging_11.scene_instance.json,009_gelatin_box-0,frl_apartment_chair_01,completed,138,38,strict_success,strict_success,,,,,40.78792305290699
